<?xml version="1.0" ?>
<config>
    <acl>
        <resources>
            <admin>
                <children>
                    <system>
                        <children>
                            <config>
                                <children>
                                    <fbreferral translate="title" module="fbreferral">
                                        <title>Fbreferral</title>
                                        <sort_order>100</sort_order>
                                    </fbreferral>
                                </children>
                            </config>
                        </children>
                    </system>
                 </children>
            </admin>
        </resources>
    </acl>
</config>
