<?xml version="1.0"?>
<config>
    <tabs>
        <Anton translate="label" module="fbreferral">
            <label>Anton</label>
            <sort_order>100</sort_order>
        </Anton>
    </tabs>  
    <sections>
        <fbreferral translate="label" module="fbreferral">
            <label>Fbreferral</label>
            <tab>Anton</tab>
            <frontend_type>text</frontend_type>
            <sort_order>120</sort_order>
            <show_in_default>1</show_in_default>
            <show_in_website>1</show_in_website>
            <show_in_store>1</show_in_store>
            <groups>
                <general translate="label" module="fbreferral">
                    <label>Fbreferral Configuration</label>
                    <frontend_type>text</frontend_type>
                    <show_in_default>1</show_in_default>
                    <show_in_website>1</show_in_website>
                    <show_in_store>1</show_in_store>
                    <fields>
                     	<fb_status translate="label">
                            <label>Enable Fbreferral</label>
                            <frontend_type>select</frontend_type>
                            <source_model>adminhtml/system_config_source_yesno</source_model>
                            <sort_order>0</sort_order>
                            <show_in_default>1</show_in_default>
                            <show_in_website>1</show_in_website>
                            <show_in_store>1</show_in_store>
                            <comment>Enable Fbreferral</comment>
                        </fb_status>
                        <fb_app_id translate="label">
                            <label>Facebook App Id</label>
                            <frontend_type>text</frontend_type>
                            <sort_order>1</sort_order>
                            <show_in_default>1</show_in_default>
                            <show_in_website>1</show_in_website>
                            <show_in_store>1</show_in_store>
                            <validate>required-entry</validate>
                            <comment>Please enter facebook app id</comment>
                    	</fb_app_id>
                    	<fb_app_secret translate="label">
                            <label>Facebook App Secret Key</label>
                            <frontend_type>text</frontend_type>
                            <sort_order>2</sort_order>
                            <show_in_default>1</show_in_default>
                            <show_in_website>1</show_in_website>
                            <show_in_store>1</show_in_store>
                            <validate>required-entry</validate>
                            <comment>Please enter facebook app secret key</comment>
                    	</fb_app_secret>
                    	<fb_discount_amount translate="label">
                            <label>Discount Amount</label>
                            <frontend_type>text</frontend_type>
                            <sort_order>3</sort_order>
                            <show_in_default>1</show_in_default>
                            <show_in_website>1</show_in_website>
                            <show_in_store>1</show_in_store>
                            <validate>required-entry</validate>
                            <comment>Please enter discount amount should be less than minimum order amount</comment>
                    	</fb_discount_amount>
                    	<fb_order_amount translate="label">
                            <label>Minimum Order Amount</label>
                            <frontend_type>text</frontend_type>
                            <sort_order>4</sort_order>
                            <show_in_default>1</show_in_default>
                            <show_in_website>1</show_in_website>
                            <show_in_store>1</show_in_store>
                            <validate>required-entry</validate>
                            <comment>Please enter minimum order amount should be greater than discount amount</comment>
                   	 	</fb_order_amount>
                    	<fb_feed_message translate="label">
                            <label>Facebook Feed Message</label>
                            <frontend_type>textarea</frontend_type>
                            <sort_order>5</sort_order>
                            <show_in_default>1</show_in_default>
                            <show_in_website>1</show_in_website>
                            <show_in_store>1</show_in_store>
                            <validate>required-entry</validate>
                            <comment>Please enter facebook feed message</comment>
                    	</fb_feed_message>
                    	<fb_cartshow_message translate="label">
                            <label>Cart Show Message</label>
                            <frontend_type>textarea</frontend_type>
                            <sort_order>6</sort_order>
                            <show_in_default>1</show_in_default>
                            <show_in_website>1</show_in_website>
                            <show_in_store>1</show_in_store>
                            <validate>required-entry</validate>
                            <comment>Please enter facebook feed message</comment>
                    	</fb_cartshow_message>
                   </fields> 
                </general>
            </groups>
        </fbreferral>
    </sections>
</config>